message,label
"This package contains illegal drugs.",1
"I will meet you at the coffee shop.",0
"Let's discuss the shipment details.",1
"This is a normal conversation about work.",0
"Meet me at the usual place for the delivery.",1
"Can you send me the report by 5 PM?",0
"Don't forget to bring the cash for the order.",1
"Looking forward to our meeting tomorrow.",0
"Got the goods ready for pickup, let me know when you're free.",1
"Let’s discuss the project tomorrow at the office.",0
"Ready to finalize the deal? I have the product with me.",1
"Hope you’re enjoying your weekend, let's catch up soon.",0
"I’ll get the stuff delivered to you, just tell me when.",1
"I have the product you asked for, meet me later.",1
"Can we talk about the shipment schedule later today?",1
"I need to finish a few tasks, let's talk later.",0
"Let me know when you can pick up the package.",1
"Everything is ready, just confirm the time and place.",1
"Let’s discuss the next shipment next week.",1
"I saw a new movie last night, it was great.",0
"Let's make the transfer happen today. I have the money.",1
"Let’s catch up next weekend. Been a while since we met.",0
"Don’t forget to bring the cash tomorrow.",1
"Can you help me with a quick task? I’ll owe you one.",0
"I heard there's a new supplier in the market. Let's explore it.",1
"Let’s meet to go over the details of the order.",1
"I’ve been busy with work lately, hope all is well with you.",0
"Are we still on for the deal later today?",1
"Can you send me the report as soon as possible?",0
"Looking forward to receiving the shipment this week.",1
"Do you want to meet for coffee and talk about business?",0
"I’ll send you the package as soon as I get the confirmation.",1
"Just saw a great new movie, highly recommend it.",0
"We need to finalize the product details and pricing.",1
"I’ve got some great recommendations for you. Let’s meet soon.",0
"Looking forward to our meeting, we have a lot to cover.",0
"Ready to close the deal? I have everything prepared.",1
"Can you confirm the delivery address again?",1
"Do you still need that product I mentioned?",1
"Just finished a big project, now I can relax for a bit.",0
"Meet me at 5 PM tomorrow to pick up the package.",1
"How’s the weather in your area today?",0
"I’m excited for our business discussion tonight.",0
"Do you have the stuff ready for tomorrow’s meeting?",1
"Looking forward to seeing the new tech gadgets you got.",0
"Let’s make sure everything is ready for the shipment tomorrow.",1
"I have the documents you requested, I’ll send them to you now.",0
"Got a great deal on some new tech equipment.",0
"Don’t forget to bring the payment when we meet tomorrow.",1
"Everything is set. Let’s meet at the usual place.",1
"I’ll have the cash ready for the exchange.",1
"Can you send me the payment by tomorrow?",1
"Looking forward to meeting you, it’s been a while.",0
"I’ll make sure to have everything in place for the meeting.",1
"I’m planning on getting some new furniture for the office.",0
"Can you confirm the price and delivery time?",1
"Let’s meet later and discuss everything.",1
"Just finished a big lunch, now back to work.",0
"Do you need anything else before the meeting?",0
"Can you meet at 6 PM to pick up the package?",1
"I’m heading to the office now, let’s catch up later.",0
"Everything is in order for the delivery tomorrow.",1
"How’s your project going? Anything new?",0
"We need to make sure the transaction goes smoothly.",1
"Let me know when you’re free to meet up later.",0
"Let’s confirm the time and location for the handover.",1
"Can we finalize the details by the end of the day?",1
"I’m looking forward to the product review later.",0
"Can you meet me tomorrow at 3 PM? I’ll bring everything.",1
"How’s your family doing? All good?",0
"Ready to make the transfer happen? Let me know.",1
"Got a new job offer, feeling good about it!",0
"Can we make the payment transfer today?",1
"Got some amazing new gear for the business.",0
"Looking forward to the next big shipment, we need to stay ahead.",1
"How’s your day going so far?",0
"Let me know when you have the cash ready.",1
"Are we all set for the meeting tomorrow?",1
"Can we meet to finalize the details of the deal?",1
"Everything is good, just finishing up some work.",0
"Do you need anything before I head out?",0
"Looking forward to seeing you tomorrow for the meeting.",0
"Can you get the product delivered by this afternoon?",1
"I’ve already arranged the shipment to go out tomorrow.",1
"Do you need me to bring anything for the delivery?",1
"We need to make sure everything is secure for the handoff.",1
"Are you still on for the usual place? I have the package.",1
"I’ll make sure everything is set for the delivery tomorrow.",1
"Can you confirm the time for the exchange?",1
"I’m looking forward to the next shipment, it’s going to be big.",1
"Everything is ready for the transaction later today.",1
"We need to finalize the money transfer before the meeting.",1
"Can you send me the location for the delivery?",1
"Got the product ready, just waiting for the payment.",1
"Don’t forget to bring the cash when you pick up the package.",1
"Let's meet later to discuss the new deal.",1
"I’ll send you the details once I get the confirmation.",1
"Are we still on for the pickup tomorrow?",1
"Let me know when you’re available to meet.",0
"Everything’s in place for the meeting tomorrow.",1
"Just waiting for the final confirmation on the order.",1
"How’s the product looking? Should be ready for pickup soon.",1
"Let me know when the money is ready for the deal.",1
"Looking forward to the next big shipment, things are heating up.",1
"Do you have the confirmation number for the order?",1
"Everything is good, just need to confirm the payment details.",1
"How’s your day going? Anything interesting happening?",0
"I’ll be at the usual location in an hour for the exchange.",1
"Make sure to bring the full payment with you when we meet.",1
"We’ve got everything prepared for the shipment. Just waiting on the go-ahead.",1
"Let me know if you need me to bring anything extra for the delivery.",1
"Let me know when the product is ready for pickup.",1
"I’ll get everything arranged for the delivery today.",1
"Let’s meet later to finalize the deal, I have everything ready.",1
"I’ll be there by 5 PM to drop off the product.",1
"Let’s confirm the exchange location and time today.",1
"Are you ready to make the deal? The product is ready for pickup.",1
"I’ll send over the documents when I get a chance.",0
"How's the new shipment going?",1
"We need to finalize the details of the shipment today.",1
"Can we meet to discuss the delivery details?",1
"I’ll meet you tomorrow with the goods. Let me know when you’re free.",1
"Do you have the cash ready for tomorrow?",1
"Everything is in place for the handoff, just waiting on you.",1
"Can we finalize the deal today? I have the product.",1
"Everything is ready for the shipment, just confirm the time.",1
"Can you send me the confirmation for tomorrow’s pickup?",1
"Let me know when you can meet me for the handover.",1
"I’ve arranged the delivery for tomorrow. Just need the confirmation.",1
"I have the product ready, just waiting for you to pick it up.",1
"Let's meet at the usual place, I’ll bring the package.",1
"I have some new merchandise for the upcoming shipment.",1
"Can you bring the cash with you tomorrow?",1
"I’ll get the shipment ready for you to pick up tomorrow.",1
"Everything is set for tomorrow’s handoff. Let’s confirm the time.",1
"Let’s meet later tonight to finalize the deal.",1
"Don’t forget the payment when we meet tomorrow.",1
"I’ve got the items, just need the payment to complete the deal.",1
"Can you pick up the package by 5 PM today?",1
"Looking forward to the shipment arriving soon.",1
"Are we still on for tomorrow's exchange?",1
"The product is ready for pickup, just send me the details.",1
"I’ll have the items ready when you arrive.",1
"Let me know if you want to meet for the handoff.",1
"I’ll arrange for the delivery by tomorrow afternoon.",1
"Can we finalize the deal this week? I have the merchandise.",1
"Looking forward to our usual meeting. Got everything ready.",1
"Can you confirm the pickup location? I’ll bring the package.",1
"We need to finalize the deal tomorrow. I have the cash.",1
"I’ve received the product, let me know when you can pick it up.",1
"Let’s make sure the delivery goes smoothly tomorrow.",1
"Just waiting on you to finalize the transfer for the goods.",1
"Are you free tomorrow to meet for the exchange?",1
"Do you need any more product delivered today?",1
"Let me know when you can meet for the handoff.",1
"Everything is ready, just waiting for you to confirm the time.",1
"Got the merchandise, ready for handoff.",1
"Can you bring the full payment for tomorrow?",1
"We need to make sure the exchange goes as planned.",1
"Let’s meet tomorrow to wrap up the deal.",1
"Are you ready for tomorrow’s delivery? I have everything prepared.",1
"Looking forward to our meeting, it’s been a while.",0
"How are the new projects going? Everything set?",0
"I’ll have the report ready by this afternoon.",0
"Can we reschedule the meeting for next week?",0
"Let's meet at the coffee shop, it's been a while!",0
"I'm looking forward to the weekend getaway.",0
"Just finished up some tasks at work, now I can relax.",0
"Hope everything’s going well with you.",0
"Let me know when you’re free to chat later today.",0
"Looking forward to our team-building event this weekend.",0
"I’ve got a great idea for the next project, can’t wait to share it.",0
"Let’s grab lunch tomorrow, I have a lot to catch up on.",0
"Got the report you asked for, sending it over now.",0
"Let me know when you’re free, we should catch up soon.",0
"I’ve got some new books to recommend, let’s meet soon.",0
"Everything’s on track for the meeting tomorrow.",0
"How’s everything going with the new project?",0
"Let’s meet tomorrow to discuss the new initiative.",0
"I have a new idea for the next meeting, I’ll send it over.",0
"Just completed a few tasks at work, now taking a break.",0
"Can we talk about the new collaboration opportunity?",0
"I’m planning to spend the weekend with family.",0
"Hope everything is going smoothly with your work!",0
"Just got back from the conference, learned a lot.",0
"Looking forward to catching up next weekend!",0
"Can you send me the latest report?",0
"Let’s meet tomorrow to go over the next steps.",0
"Let me know if you want to discuss anything later.",0
"How’s your new project coming along?",0
"Let’s set up a call to discuss the new development.",0
"I’ve got some great suggestions for our next team meeting.",0
"I’ll send over the draft of the proposal shortly.",0
"Looking forward to the team event next week.",0
"Can you confirm the schedule for tomorrow’s meeting?",0
"Let’s discuss the budget proposal later this week.",0
"Looking forward to meeting you for the coffee chat.",0
"Got a new project started at work, excited about it!",0
"Can we push the meeting to next week?",0
"I’m meeting a friend later this afternoon, let’s chat soon.",0
"Hope you had a great weekend!",0
"Just saw a new restaurant, we should try it next weekend.",0
"Looking forward to the family reunion this summer.",0
"Let’s meet for a quick brainstorming session tomorrow.",0
"Can you share the report by the end of the day?",0
"I’ll meet you at the usual spot later today.",0
"Let’s finalize the details for the conference next week.",0
"Do you have any plans for the weekend?",0
"I’ll send the updated presentation later this afternoon.",0
"Looking forward to discussing the new project with you.",0
"Let’s set up a meeting to finalize the details.",0
"Hope you had a productive day!",0
"Let me know when you're free to discuss the new proposal.",0
"Looking forward to catching up on our progress next week.",0
"Do you need any help with the report? I’ll be free after lunch.",0
"Let’s make sure everything’s ready for the meeting tomorrow.",0
"Got a few ideas for the new project, let’s chat later.",0
"Let me know when you have time to talk about the new strategy.",0
"I’ll be in the office tomorrow for the meeting, see you there.",0
"The package is ready for delivery. Where should I send it?",1
"Please keep this between us. The deal is confidential.",1
"Meet me at the back entrance at 8 PM.",1
"I’ve hidden the stuff in the box you asked for.",1
"The payment needs to be made in cash only.",1
"Let me know once you have the cash ready for exchange.",1
"I’ll be waiting at the alley behind the mall.",1
"The delivery needs to be quick and discreet.",1
"Don’t mention this to anyone, just meet me directly.",1
"The stash is secured. Awaiting further instructions.",1
"I need you to confirm the package contents before delivery.",1
"Do not contact me directly. Use the other number.",1
"The goods have arrived. Let’s finalize the payment.",1
"I need an update on the shipment status urgently.",1
"The deal is set for midnight. Ensure no one else is involved.",1
"The codeword is 'midnight.' Don’t forget it.",1
"Everything is packed and ready. Awaiting confirmation.",1
"Ensure there’s no tracking or CCTV where we meet.",1
"The transaction needs to be completed within the hour.",1
"Dispose of any evidence after delivery.",1
"Are you sure the location is secure for the exchange?",1
"Leave the package at the drop point and text me.",1
"I have an untraceable phone for these deals.",1
"Make sure the cops don’t find out about this.",1
"The shipment contains the usual stuff, nothing extra.",1
"I’ll send someone else to pick up the delivery.",1
"Use a disguised bag for the handoff, just in case.",1
"The route is clear. Proceed with caution.",1
"I’ve arranged the cash in small bills as requested.",1
"Hide the package in the locker and send me the code.",1
"We need to avoid using names in our conversations.",1
"The pickup point has been changed. I’ll text you the new location.",1
"I’m taking extra precautions to avoid being followed.",1
"The payment will be made in installments. Agreed?",1
"The package has been split into smaller parcels.",1
"Dispose of the burner phone immediately after the deal.",1
"The buyer is insisting on seeing the product first.",1
"Keep an eye out for any suspicious activity during the handoff.",1
"The code to open the locker is 4529.",1
"The deal must go down without attracting attention.",1
"I’ll be wearing a black hoodie at the meeting spot.",1
"Only contact me through the encrypted app.",1
"The money needs to be in an unmarked envelope.",1
"We’ll need to change locations if anything looks risky.",1
"Send me a picture of the stash before delivery.",1
"The product has been stored safely. Awaiting further orders.",1
"Ensure no one follows you after the transaction.",1
"Let’s keep this low-profile. No unnecessary risks.",1
"I’ve left the package in a safe spot. Collect it by 6 PM.",1
"Use the codeword 'cargo' when confirming the delivery.",1
"Let me know if you spot any surveillance at the meeting point.",1
"Can we grab dinner tomorrow? Been ages since we caught up!",0
"Let’s plan the vacation details when you’re free.",0
"Can you pick up the groceries on your way back?",0
"Had a long day at work. Looking forward to some rest.",0
"Did you see the game last night? What a match!",0
"Let’s meet at the park this Sunday for a picnic.",0
"Do you want to join the movie night at my place?",0
"Got a great recipe to share with you. Let’s cook together!",0
"Can you help me move some furniture this weekend?",0
"I’ll call you after I finish this meeting.",0
"Let’s discuss the project updates in tomorrow’s call.",0
"Looking forward to catching up at the reunion!",0
"Can you send me the file before noon?",0
"I’ll be traveling next week. Let’s meet after that.",0
"How’s your family doing? Hope all is well.",0
"I found a great book. I think you’ll love it!",0
"Let me know when you’re free to chat.",0
"Got a promotion at work! Celebrating this weekend.",0
"Can we reschedule the meeting for next Monday?",0
"Had a wonderful weekend. How about you?",0
"Let’s grab coffee tomorrow and talk about the new ideas.",0
"Can you share the presentation before the meeting?",0
"I’ll be at the gym later if you want to join.",0
"Let’s visit the museum this Saturday.",0
"I just bought a new gadget. Can’t wait to show you!",0
"Can you join the team dinner next Friday?",0
"Do you want to carpool to the office tomorrow?",0
"I’ve got tickets for the concert. Let me know if you’re in!",0
"Let’s organize a small get-together next weekend.",0
"How about a beach trip this summer?",0
"Got an exciting project at work. Let’s brainstorm ideas.",0
"Can we talk about the new app you’re working on?",0
"I’ll be in your neighborhood tomorrow. Let’s meet!",0
"Looking forward to the festival next month.",0
"Had a lovely dinner with friends last night.",0
"I’m sending the documents you asked for shortly.",0
"Do you need help with the decorations for the party?",0
"Let’s plan a barbecue for the weekend.",0
"How’s the new house? Settling in well?",0
"I’ll be offline for a few hours. Call me if urgent.",0
"Got some new plants for the garden. Loving it!",0
"Can we start the meeting a bit earlier tomorrow?",0
"How was the holiday trip? Share some pictures!",0
"Let’s meet at the coffee shop after work.",0
"I’ll be working late tonight. Let’s chat tomorrow.",0
"Do you have a recommendation for a good movie?",0
"Looking forward to hearing about your new project.",0
"Got a new hobby—learning photography!",0
"Let’s catch up on the weekend. Been a while!",0
"I’ll share the draft for the proposal tomorrow.",0
"Make sure the package isn’t tampered with before delivery.",1
"The money should be exchanged at the meeting point only.",1
"The transaction must remain anonymous. No names.",1
"Meet me behind the warehouse after dark.",1
"The stuff is packed tightly. You’ll recognize it easily.",1
"Use a burner phone for all communications from now on.",1
"Ensure the payment is split into smaller denominations.",1
"The deal is set for 11 PM. No delays.",1
"Confirm the contents before handing over the package.",1
"I need complete secrecy for this transaction.",1
"The route you’re taking must avoid all checkpoints.",1
"Don’t mention the shipment over the phone. Just text.",1
"I’ll leave the package in a black duffel bag.",1
"The exchange needs to happen tonight. No exceptions.",1
"I’ve encrypted all details. Check your secure email.",1
"Don’t let anyone know about the pickup location.",1
"The cash must be handed over discreetly.",1
"I’ll meet you near the abandoned building.",1
"Have you disposed of the evidence from last time?",1
"Ensure there’s no trace of our conversation.",1
"Delete these texts after you’ve read them.",1
"The stash is hidden under the bench at the park.",1
"I’m sending someone else to collect the goods.",1
"Carry the money in an unmarked bag.",1
"Let’s finalize the details when we meet in person.",1
"Make sure the location is clear before you arrive.",1
"Keep the product in a waterproof bag.",1
"I’ll confirm the drop-off spot an hour before.",1
"Do not discuss this in public under any circumstances.",1
"The pickup vehicle will arrive at 3 AM.",1
"Use a disguise when making the drop.",1
"I’ll give you the exact coordinates later.",1
"Are you sure the area is not under surveillance?",1
"The package has been sealed. No one should open it.",1
"Let’s use the codeword 'eagle' for this delivery.",1
"The product must be hidden in plain sight.",1
"I’ll leave the instructions in a coded message.",1
"Make sure you’re not followed after the handoff.",1
"Keep the delivery bag locked at all times.",1
"Have a backup plan in case the deal gets compromised.",1
"Don’t park too close to the exchange point.",1
"The buyer has requested extra security for the transaction.",1
"Confirm the time of delivery once you’ve reached.",1
"Meet me by the old bridge at 10 PM.",1
"I’ll text you the details of the cash drop later.",1
"The package will be left near the third pillar.",1
"Do not make eye contact with anyone during the handoff.",1
"The product is marked with a red sticker.",1
"Ensure you have the payment ready before I arrive.",1
"The meeting spot has been changed. New location soon.",1
"Can you help me with my project? I’m stuck.",0
"Let’s plan a hiking trip this weekend!",0
"I’ll email you the presentation by evening.",0
"Had a relaxing weekend at the beach. How about you?",0
"Can we discuss the budget for next month’s event?",0
"Let’s brainstorm ideas for the new campaign.",0
"Do you want to grab a quick coffee after work?",0
"I’m planning to repaint my house. Any color suggestions?",0
"Had a lovely chat with my neighbor about gardening.",0
"Can you recommend a good book to read?",0
"Let’s organize a bake sale for the community center.",0
"I’ll call you after I pick up the kids from school.",0
"Looking forward to the concert next Saturday!",0
"Do you need help setting up the new software?",0
"I’ve enrolled in a yoga class. It’s so refreshing!",0
"Can we reschedule the meeting to a later time?",0
"I’ll be out of town for the weekend. Let’s catch up later.",0
"Had a great dinner with family last night.",0
"Looking forward to our group’s next road trip!",0
"Do you want to join me for the morning run tomorrow?",0
"Let’s plan a barbecue at my place this Sunday.",0
"Can you share the itinerary for the upcoming trip?",0
"Let’s grab lunch at that new restaurant downtown.",0
"I’ve started learning to play the guitar. It’s fun!",0
"Had a productive day at work. Feeling accomplished!",0
"I’ll send over the draft for your review by tonight.",0
"Looking forward to seeing you at the wedding!",0
"Got a new puppy at home. He’s adorable!",0
"I’ll send you the recipe for that dessert you liked.",0
"Can you proofread this document for me?",0
"Had a great chat with my mentor about career plans.",0
"Looking forward to the holiday break next week!",0
"Can you drop by my place to pick up the parcel?",0
"Let’s go to the park for a walk this evening.",0
"Had a fantastic experience at the new art gallery.",0
"Do you need help with the fundraiser event?",0
"I’m hosting a movie night. Want to join?",0
"Let’s go for a bike ride this weekend!",0
"Do you want to volunteer at the community center?",0
"I’ll be attending a workshop tomorrow. Join me?",0
"Looking forward to the marathon next month!",0
"I’m planning a surprise party for my friend. Need ideas.",0
"Can you check this report and give me feedback?",0
"Let’s have a study session before the exam.",0
"I’ve started painting as a hobby. Loving it so far!",0
"Do you want to collaborate on this new project?",0
"I’ll send you the invoice by end of the day.",0
"Can we finalize the travel plans over dinner tonight?",0
"Had a great weekend exploring the countryside.",0
"Do you need help decorating for the festival?",0
"Let’s visit the farmer’s market this Saturday.",0
"I’ve started journaling daily. It’s been amazing!",0
"I’ll meet you at the café around 4 PM.",0
"I’ll see you at the office tomorrow morning.",0
"Can you help me with this assignment?",0
"I’m excited to try the new recipe you shared!",0
"Looking forward to our game night this Friday.",0
"Do you want to go for a swim later today?",0
"Let’s meet for coffee and discuss the project.",0
"I’m planning a surprise birthday party for my mom.",0
"Can you join us for dinner tomorrow evening?",0
"I’ll be at the library for a few hours if you want to stop by.",0
"Had a great workout at the gym today!",0
"Can you pick me up from the airport tomorrow?",0
"I’m sending you the document for review.",0
"Let’s schedule the team meeting for next Tuesday.",0
"Do you want to attend the book launch event?",0
"I had a lovely chat with an old friend today.",0
"Planning to visit the museum this weekend. Want to join?",0
"I’m trying out a new hobby—calligraphy!",0
"Can we finalize the presentation slides by today?",0
"Had a peaceful walk in the park this morning.",0
"Do you need help setting up the new printer?",0
"Let’s plan a picnic by the lake this weekend.",0
"I’m taking a pottery class next month. Join me?",0
"Had a great meeting with the new client yesterday.",0
"Do you want to watch the new movie this weekend?",0
"I’ll drop off the package at your place tomorrow.",0
"I’ve been exploring meditation apps recently.",0
"Do you need a ride to the meeting later?",0
"Let’s celebrate your promotion with a dinner!",0
"Can you send me the details of the event?",0
"I’m planning to start jogging every morning.",0
"Let’s organize a charity event for the community.",0
"I had a relaxing yoga session this afternoon.",0
"Do you want to visit the new café downtown?",0
"Let’s plan a short road trip for the weekend.",0
"I’ve been practicing my guitar skills lately.",0
"Do you need help with moving to your new apartment?",0
"I had a fun day shopping with my cousin.",0
"Can we reschedule our meeting to next week?",0
"Looking forward to your thoughts on my proposal.",0
"Had a wonderful evening at the art gallery.",0
"I’m volunteering at the local shelter this Saturday.",0
"Do you want to collaborate on this research paper?",0
"I’ll join you for a run in the park tomorrow.",0
"Let’s bake some cookies for the kids this weekend.",0
"Do you want to try out the new restaurant?",0
"I’m attending a workshop on photography next month.",0
"Had a great brainstorming session with the team.",0
"I’ll send you the draft for review by tomorrow.",0
"Let’s join the book club meeting next Saturday.",0
"I had a relaxing weekend at home with family.",0
"I’m planning a small reunion with school friends.",0
"Do you want to carpool to the office tomorrow?",0
"I’ll be at the gym later. Want to join?",0
"Let’s organize a beach cleanup drive next week.",0
"I’m looking for recommendations for a good movie.",0
"Can we finalize the designs by this evening?",0
"I’m planning a hike this Sunday. Interested?",0
"Let’s grab lunch at the food truck festival.",0
"I’m helping out at the farmers’ market tomorrow.",0
"Do you want to attend the music festival next month?",0
"Looking forward to the holiday break with family.",0
"Let’s plan a community garden project together.",0
"I had a fun time playing board games with friends.",0
"I’m reading a new book series. It’s fantastic!",0
"I’ll send you the itinerary for the trip later.",0
"Let’s go ice-skating this weekend. It’ll be fun!",0
"Do you need help with organizing the files?",0
"I’m planning a family movie night tomorrow.",0
"Let’s brainstorm some ideas for the next campaign.",0
"I had an amazing day at the local zoo.",0
"Can we start the team meeting 30 minutes later?",0
"The pickup point has been marked. Keep it discreet.",1
"Make sure no one else knows about the location.",1
"The package will be hidden in the brown suitcase.",1
"I’ll confirm the meeting spot once I arrive.",1
"Everything needs to be done under the radar.",1
"The payment will be made in two separate drops.",1
"The stash is hidden in the attic of the safe house.",1
"Delete these instructions after reading.",1
"Meet me at the construction site at 9 PM.",1
"Make sure the contents are intact before the exchange.",1
"I’ll use a different phone to contact you next time.",1
"The delivery must happen within the next two hours.",1
"Be careful about surveillance near the handoff spot.",1
"The cash should be packed in an envelope.",1
"The meeting location has changed. I’ll text you.",1
"Do not discuss this deal over any unencrypted apps.",1
"The bag is placed in locker number 7.",1
"Do not attract attention during the pickup.",1
"Confirm once you have the package in hand.",1
"The buyer insists on proof of the product beforehand.",1
"The location must be checked for safety before the deal.",1
"The payment will be in cash, no exceptions.",1
"The handoff must be completed before sunrise.",1
"Ensure the product is hidden in a nondescript container.",1
"Use the alley entrance to avoid detection.",1
"Keep the operation completely confidential.",1
"The contents are fragile. Handle with care.",1
"The goods are packed and ready for the drop.",1
"Use the back door for the transaction.",1
"The cash must be handed over without any witnesses.",1
"All communication should be wiped immediately.",1
"The pickup is scheduled for 11 PM at the usual spot.",1
"I’ll be bringing a decoy just in case.",1
"Don’t use your personal phone for this operation.",1
"Confirm the package weight before handing it over.",1
"The deal must happen quickly to avoid detection.",1
"Drop the money bag at the third bench in the park.",1
"The stash is buried under the oak tree.",1
"Make sure the buyer is alone at the location.",1
"Change your appearance before arriving at the drop site.",1
"I’ll leave the item in a black box under the table.",1
"The product is concealed in a hollow book.",1
"The delivery must happen before the border checkpoint.",1
"I’ll send you the tracking number for the package.",1
"The stash is hidden behind the second fence post.",1
"Ensure no cameras are pointed at the transaction area.",1
"The exchange must take place in complete silence.",1
"The contents are in a blue duffel bag.",1
"I’ll text you the pickup location an hour before.",1
"The shipment is being monitored. Be cautious.",1
"The product is hidden in the false bottom of the suitcase.",1
"The handoff point has changed. New location coming soon.",1
"Only speak in code when discussing the deal.",1
"The package is inside locker number 14 at the station.",1
"Don’t let anyone suspect you during the transfer.",1
"Meet me behind the old gas station.",1
"The goods are wrapped in brown paper to avoid suspicion.",1
"Have the cash ready in a discreet envelope.",1
"Use the alley route to avoid the security checkpoint.",1
"The vehicle with the package will have its hazard lights on.",1
"Drop the bag near the fourth streetlamp.",1
"I’ll be wearing a red cap as a signal.",1
"The cargo is stored in the basement of the safe house.",1
"The payment must be split into multiple transactions.",1
"I’ve encrypted the details for your safety.",1
"Be sure to check for hidden trackers on the package.",1
"The drop is delayed due to increased security in the area.",1
"I’ll hand over the package personally at midnight.",1
"The stash is inside the hollow log by the river.",1
"The exchange point will be deserted. Be on time.",1
"Make sure no drones are in the vicinity during the handoff.",1
"The product is labeled as ‘books’ for transportation.",1
"Only one person should handle the delivery.",1
"The contents are fragile. Handle them carefully.",1
"I’ll leave the package in a black garbage bag.",1
"The goods are stored inside the warehouse locker.",1
"The meeting point is near the abandoned railway track.",1
"The buyer wants to inspect the goods before paying.",1
"The package has been double-sealed for security.",1
"The cash drop must be made in the mailbox at 12th Street.",1
"The buyer will use a green umbrella as a signal.",1
"The product is hidden inside the car's spare tire.",1
"The package must be retrieved within 30 minutes.",1
"The codeword for confirmation is ‘shadow’.",1
"I’ll wear a black hoodie as identification.",1
"The cash bag is inside the trash bin at the corner.",1
"The exchange must happen without any eye contact.",1
"The shipment is delayed. I’ll inform you once it’s safe.",1
"The goods are placed behind the signpost.",1
"The deal must happen before the next patrol.",1
"The buyer insists on a sample before the transaction.",1
"The product is in a locked metal box.",1
"The instructions are written on the underside of the bench.",1
"Keep an eye out for any plainclothes officers.",1
"The package is taped under the fourth seat of the bus.",1
"The meeting location is by the pier at dawn.",1
"The cash drop must be made in small bundles.",1
"The buyer’s alias is ‘Nightfall’.",1
"The product is marked with a green sticker.",1
"Keep the operation low-profile. No unnecessary risks.",1
"Let's meet for coffee tomorrow morning.",0  
"I really enjoyed the movie we watched last night.",0  
"Can you help me with my math homework?",0  
"The weather is so pleasant today, perfect for a walk.",0  
"I love reading science fiction books in my free time.",0  
"Congratulations on your promotion at work!",0  
"Happy birthday! Have a fantastic day ahead.",0  
"The kids are excited about their school trip next week.",0  
"What time is our team meeting scheduled for?",0  
"I bought some fresh vegetables from the market today.",0  
"I need to pick up some groceries after work.",0  
"We are planning a weekend getaway to the mountains.",0  
"Let’s play football this evening at the park.",0  
"The flowers in my garden are blooming beautifully.",0  
"I’m learning how to bake a chocolate cake.",0  
"We should organize a picnic at the beach.",0  
"I recently started painting as a hobby.",0  
"Do you know any good restaurants nearby?",0  
"The concert last night was absolutely amazing.",0  
"I’m so proud of you for achieving your goal.",0  
"Let's catch up for dinner this Friday.",0  
"I’ve been reading a lot about space exploration lately.",0  
"The new cafe in our neighborhood serves excellent coffee.",0  
"Have you watched the latest episode of the show?",0  
"Yoga has really helped me stay fit and relaxed.",0  
"Our new neighbor seems really friendly.",0  
"I need to buy some school supplies for the kids.",0  
"Can you recommend a good book to read?",0  
"We're planning to renovate our living room next month.",0  
"The puppies at the shelter are so adorable.",0  
"I spent the afternoon cycling along the river.",0  
"Let’s organize a charity event for the local community.",0  
"I’m excited to join the cooking class this weekend.",0  
"Our family reunion is scheduled for next month.",0  
"Don’t forget to water the plants while I’m away.",0  
"I’m trying out a new recipe for dinner tonight.",0  
"Watching the sunset from the hilltop was breathtaking.",0  
"I signed up for an online photography course.",0  
"The kids are building a treehouse in the backyard.",0  
"We’re planning a surprise party for Sarah’s birthday.",0  
"I’m looking forward to attending the book fair.",0  
"Our volleyball team won the match yesterday.",0  
"The new park has a wonderful jogging track.",0  
"Do you want to join me for a workout session?",0  
"I’ve been experimenting with new smoothie recipes.",0  
"The community festival is happening this weekend.",0  
"The artwork displayed at the gallery was stunning.",0  
"We’re organizing a blood donation camp at the center.",0  
"The library has a vast collection of travel books.",0  
"Attending the musical performance was so inspiring.",0  
"I’ve started learning a new language for fun.",0  
"I have a stash of cocaine ready for delivery.",1  
"Looking to purchase heroin? Message me.",1  
"Does anyone know where I can buy some meth?",1  
"Need a dealer for high-quality marijuana.",1  
"Trafficking LSD across the border is risky.",1  
"Sell your weed here for top street value.",1  
"Heroin shipment arrives tomorrow; contact me.",1  
"Darknet is the best place to get methamphetamine.",1  
"We can distribute hashish through hidden compartments.",1  
"Looking for ecstasy tablets in bulk.",1  
"Black market price for opioids is rising.",1  
"Smuggle hashish discreetly using our route.",1  
"Ketamine crystals available for purchase.",1  
"Xanax pills, the best relaxant, available.",1  
"Our lab manufactures synthetic drugs 24/7.",1  
"Designer drugs are trending on the Silk Road.",1  
"Customs won’t find the concealed heroin.",1  
"Hidden stash of shrooms up for grabs.",1  
"Purchase fentanyl with cryptocurrency here.",1  
"The cartel needs someone to distribute meth.",1  
"Illicit transactions are safer with bitcoin.",1  
"Extract cocaine crystals with this equipment.",1  
"Order your MDMA dose through our darknet store.",1  
"Hallucinogen shipments arrive every Friday.",1  
"Vicodin tablets available at street value.",1  
"Our underground lab produces opioids weekly.",1  
"Adderall pills for sale, contact discreetly.",1  
"Cheap synthetic marijuana for those who want it.",1  
"Get buzzed on premium quality DMT.",1  
"Psychedelics available; delivery in a hidden package.",1  
"Purchase liquid LSD from our secure site.",1  
"Injectable heroin kits available, contact us.",1  
"Hashish stash concealed in furniture available.",1  
"Marijuana shipment needs a route for delivery.",1  
"Our chemicals dissolve perfectly for crystal meth.",1  
"Smuggling amphetamines just got easier with our route.",1  
"Street value of benzodiazepine has skyrocketed.",1  
"Buy tranquilizers at wholesale rates today.",1  
"Trafficking pills disguised as vitamins.",1  
"We deliver sedatives to your location anonymously.",1  
"Order tramadol now with no prescription required.",1  
"Addiction-relief opioids available for sale.",1  
"Concentrated THC for vape pens in stock.",1  
"Contact for euphoria-inducing stimulants.",1  
"Shipment of contraband just cleared customs.",1  
"Dark web offers the best price for heroin.",1  
"Opioid-laced tablets for recreational use.",1  
"Silk Road offers bulk MDMA delivery.",1  
"Customs-proof packaging for cocaine orders.",1  
"Manufacturing methamphetamine requires precision.",1  
"Illegal substance transactions handled via crypto.",1  
"The package is disguised as children's toys.",1  
"Relaxant benzo pills available on demand.",1  
"High-quality acid trips delivered to your doorstep.",1  
"Does anyone have opioids for numbing pain?",1  
"Underground labs are safer for making meth.",1  
"Our precursors create the best designer drugs.",1  
"Street value of heroin is at an all-time high.",1  
"Extract cannabis oil with this advanced equipment.",1  
"Smuggle marijuana in our specially designed bags.",1  
"Black market deals on sedatives this weekend.",1  
"Transaction completed for hallucinogens securely.",1  
"The cartel needs cash for the next shipment.",1  
"We distribute heroin in liquid form discreetly.",1  
"The buzz from these opioids is unmatched.",1  
"Does anyone need rock-form crack cocaine?",1  
"Sell heroin on the darknet for better margins.",1  
"Our euphoria-inducing pills are trending online.",1  
"Abuse of prescription drugs has risen recently.",1  
"Heroin doses available in small quantities.",1  
"Opioid tablets for sale, contact our dealer.",1  
"We can transfer meth safely across borders.",1  
"The shipment contains high-quality marijuana.",1  
"Looking to distribute fentanyl in new areas.",1  
"We manufacture ketamine in bulk every week.",1  
"Concealed LSD delivery ensured via trusted routes.",1  
"Our hidden compartments can smuggle narcotics easily.",1  
"Does anyone sell opioids in the nearby area?",1  
"Secure your meth stash with our storage options.",1  
"Marijuana buzz is better than alcohol any day.",1  
"Dark web delivery of MDMA ensures anonymity.",1  
"Street value of methamphetamine is soaring today.",1  
"The cartel is distributing synthetic drugs now.",1  
"Order shrooms for psychedelic experiences tonight.",1  
"Our lab-produced heroin is the purest available.",1  
"High-quality amphetamines for college students.",1  
"Crypto-based narcotics purchases are hassle-free.",1  
"The darknet is full of illicit marijuana deals.",1  
"Smuggling cocaine through furniture shipments.",1  
"Get sedatives in liquid form at your doorstep.",1  
"Our shipment of crack cocaine arrives tonight.",1  
"Tranquilizer pills are best for a relaxed weekend.",1  
"I learned about the dangers of drug abuse in a seminar.",0  
"Pharmaceutical companies are researching alternatives to opioids.",0  
"Could you explain the effects of heroin withdrawal?",0  
"Marijuana legalization is a hot topic in politics.",0  
"She wrote a book about the history of cocaine production.",0  
"The dangers of synthetic drugs are highlighted in this report.",0  
"Did you see the news about the crackdown on meth labs?",0  
"Many use prescription drugs like Adderall responsibly.",0  
"The black market for contraband is a global issue.",0  
"Do opioids have a medical use in pain management?",0  
"Scientists are studying psychedelics for mental health treatments.",0  
"The museum had an exhibit about the Silk Road.",0  
"Customs officials seized a shipment of illegal goods.",0  
"Educators are teaching students about the risks of substance abuse.",0  
"The history of amphetamine as a medical treatment is fascinating.",0  
"She studied the role of fentanyl in modern medicine.",0  
"The darknet is often used as an example in cybersecurity classes.",0  
"Marijuana has medicinal properties that are being researched.",0  
"He wrote an article about the dark web and its impact on society.",0  
"Stimulants like caffeine are commonly consumed worldwide.",0  
"Her paper discusses how designer drugs are synthesized.",0  
"Lab safety is crucial when working with chemicals.",0  
"The movie highlighted the dangers of drug cartels.",0  
"Many athletes are tested for substances like amphetamines.",0  
"She teaches a class on the effects of hallucinogens.",0  
"Students learned how to detect counterfeit pills.",0  
"Painkillers like Vicodin can help during surgeries.",0  
"The science museum had a section on drug metabolism.",0  
"Is marijuana used recreationally or medicinally?",0  
"An overdose of prescription medication can be fatal.",0  
"His thesis focused on the regulation of narcotics.",0  
"The documentary explored the lives affected by addiction.",0  
"She wrote a poem about the dangers of euphoria-seeking behaviors.",0  
"Does the lab have equipment for manufacturing safety?",0  
"Educators warn about the risks of vaping chemicals.",0  
"The book describes how substances like LSD were discovered.",0  
"Safety protocols are essential when handling liquid chemicals.",0  
"The police discovered a hidden compartment in the car.",0  
"He gave a lecture on the history of benzodiazepine use.",0  
"The play explored themes of addiction and recovery.",0  
"The government is working on ways to tackle smuggling.",0  
"Can you explain how customs officials detect contraband?",0  
"Addiction to numbing agents is a growing concern.",0  
"They analyzed how bitcoins are used in illicit transactions.",0  
"She painted a picture of the dangers of substance abuse.",0  
"Fentanyl patches are prescribed for chronic pain patients.",0  
"Have you read the novel about the opium wars?",0  
"The presentation focused on drug trafficking prevention.",0  
"Research shows that sedatives can help with anxiety.",0  
"The conference discussed ways to prevent substance misuse.",0  
"The chemist explained how amphetamines affect the brain.",0  
"How is cryptocurrency used in legitimate transactions?",0  
"The history of methamphetamine in the military was intriguing.",0  
"Doctors emphasize the dangers of mixing opioids with alcohol.",0  
"The TV show had an episode on darknet scams.",0  
"The pharmacy offers a safe disposal option for opioids.",0  
"Can you explain the process of extracting CBD from hemp?",0  
"The lab manual outlined procedures for safe handling of chemicals.",0  
"The article discussed how psychedelics are studied for PTSD.",0  
"He created a campaign to educate teens about the risks of vaping.",0  
"Why are substances like Xanax prescribed for anxiety?",0  
"The study examined how prescription abuse affects communities.",0  
"Her book on addiction recovery is truly inspiring.",0  
"The course covered the impact of drug cartels on society.",0  
"Doctors prescribe sedatives carefully to avoid dependence.",0  
"The darknet is often misunderstood by the public.",0  
"The discovery of LSD was a pivotal moment in neuroscience.",0  
"Many drugs have both medical and recreational uses.",0  
"How do customs officials detect smuggling in luggage?",0  
"The role of Adderall in treating ADHD is well-documented.",0  
"He studied how hallucinogens impact brain function.",0  
"Teachers warn about the dangers of experimenting with substances.",0  
"Research into cannabinoids is expanding rapidly.",0  
"The rise in counterfeit pills is a public health concern.",0  
"The effects of opioids on the human body are widely studied.",0  
"The history of the Silk Road is fascinating.",0  
"Could you clarify how stimulants affect concentration?",0  
"She read an article on the challenges of regulating marijuana.",0  
"How do synthetic drugs differ from natural ones?",0  
"Discussions about the legalization of marijuana are ongoing.",0  
"Laboratories must follow strict guidelines when handling chemicals.",0  
"The chemistry of euphoria-inducing substances is complex.",0  
"Does ketamine have any legitimate medical uses?",0  
"Parents are taught how to detect signs of substance misuse.",0  
"The legal implications of using darknet services are severe.",0  
"The chemistry behind extracting pure substances is fascinating.",0  
"Why is amphetamine used in treating certain conditions?",0  
"The novel was about the struggles of addiction and recovery.",0  
"Can we discuss how narcotics are regulated by law?",0  
"The pharmacy explained how opioids work for pain relief.",0  
"The science fair had a project on the effects of sedatives.",0  
"How do customs officials inspect packages for illicit goods?",0  
"Many labs study the impact of psychedelics on mental health.",0  
"The risks of smuggling should not be underestimated.",0  
"Teachers highlight how euphoria can lead to poor decisions.",0
"The new legislation on cannabis is expected to change the market dynamics significantly.",1
"Do you have any recommendations for a good documentary on the history of the Silk Road?",1
"Many people still don't understand the real impact of the opioid crisis on society.",1
"Let's talk about the environmental effects of methamphetamine production.",1
"The pharmaceutical industry is focused on improving the delivery of controlled substances.",1
"Are there any studies on the role of psychedelics in mental health treatments?",1
"Research shows that marijuana can help with chronic pain management in some patients.",1
"Some researchers are working on ways to prevent the misuse of prescription opioids.",1
"Have you seen the latest paper on the treatment of heroin addiction?",1
"The rise in fentanyl-related deaths is a major public health concern.",1
"We need more awareness about the black market for prescription drugs.",1
"The rise in prescription drug abuse has prompted a nationwide discussion.",1
"How do synthetic drugs differ in their effects compared to traditional substances?",1
"There's an interesting article about the economics of cocaine production in South America.",1
"Many hospitals are researching the use of narcotics to manage post-surgery pain.",1
"There's been a lot of discussion about the role of psychedelics in therapy for PTSD.",1
"Can you recommend any resources on the dangers of drug cartels?",1
"Studies suggest that addiction treatment can be more effective with the right medication.",1
"Several countries are grappling with the issue of illegal trafficking across borders.",1
"How does fentanyl affect the body differently than other opioids?",1
"The supply chain for meth is complex, but still heavily monitored in most countries.",1
"Some new lab techniques are being used to detect synthetic drugs in the system.",1
"People don't always understand how dangerous counterfeit pills can be.",1
"What's the best way to handle exposure to chemicals used in manufacturing drugs?",1
"Have you read about the rise in the use of psychedelics in clinical trials?",1
"How do we curb the illegal distribution of controlled substances on the internet?",1
"The cartels are finding new ways to distribute drugs via underground networks.",1
"Law enforcement is focusing on tracking illegal shipments through the dark web.",1
"Can you explain the chemical process behind manufacturing MDMA?",1
"The problem with the black market for amphetamines is still growing in certain areas.",1
"There's a documentary about the rise of ecstasy in club culture.",1
"New research into the use of psilocybin for mental health has been promising.",1
"I read that some people are using designer drugs as a substitute for traditional painkillers.",1
"The opioid epidemic is causing a massive strain on healthcare resources.",1
"Illegal trafficking networks are becoming more sophisticated with the use of crypto.",1
"There's a lab that’s working on safer ways to produce fentanyl derivatives for medical use.",1
"The government is reviewing policies on prescription medications to curb abuse.",1
"Do you think the use of psychedelics could replace opioids in certain treatments?",1
"Some dealers are now using cryptocurrency to complete transactions for illegal substances.",1
"One of the biggest problems with illegal drug sales is the lack of regulation in the black market.",1
"There's a push to remove certain drugs from the controlled substances list in some states.",1
"Many are using the internet to buy and sell prescription medications illegally.",1
"Some people are mixing ketamine with other substances to enhance the effects.",1
"The underground market for narcotics is thriving in certain regions.",1
"I found an article about the scientific applications of MDMA in therapeutic settings.",1
"How does the use of methamphetamine affect the brain over time?",1
"The role of drug trafficking in the global economy is quite complicated.",1
"The rise of lab-made narcotics has made it more difficult to track their origins.",1
"I’m researching the impact of synthetic opioids on the pharmaceutical market.",1
"There's a growing trend of people using recreational substances for their relaxing effects.",1
"Some researchers are working to develop better treatments for drug overdose victims.",1
"Could psychedelics be the key to unlocking better mental health therapies?",1
"The internet is becoming the main medium for illicit drug transactions these days.",1
"They're working on a new method to detect counterfeit prescription pills at the border.",1
"Did you hear about the latest study on the impact of marijuana on cancer treatment?",1
"How do you think the use of marijuana affects long-term mental health?",1
"Some researchers believe that certain drugs could help people who are addicted to opioids.",1
"Have you seen the article about the rise of the darknet as a marketplace for drugs?",1
"Many believe that increasing penalties for drug trafficking will only push the industry underground.",1
"I'm learning about the development of new lab methods to test for the presence of narcotics.",1
"There's a growing number of people who are dependent on prescription drugs for pain management.",1
"Authorities are warning about the increasing use of synthetic marijuana in certain areas.",1
"The use of controlled substances in sports is a controversial topic in the athletic community.",1
"There's been a lot of buzz about the medical applications of cannabis recently.",1
"Some pharmaceutical companies are exploring the potential of marijuana for therapeutic purposes.",1
"Many substances on the market today are easily mistaken for other, more common medications.",1
"There's a rise in demand for fentanyl as a pain management drug in certain medical settings.",1
"The issue of drug smuggling through international borders is getting more attention.",1
"Could the black market for prescription drugs be reduced if they were more accessible?",1
"Are there studies on the social impact of synthetic drugs on urban communities?",1
"People are getting arrested for trafficking drugs that look like prescription medications.",1
"There’s a rise in people purchasing opioid medication from unlicensed sellers.",1
"Researchers are looking into new ways of detecting amphetamines in drug screenings.",1
"Do you think we should ban certain substances like fentanyl to curb addiction?",1
"Can synthetic drugs be used as a substitute for illegal substances in medical trials?",1
"The increase in the use of narcotics in sports has raised concerns about fairness.",1
"Law enforcement is always finding new ways to track the illicit distribution of drugs.",1
"There's been a push for the legalization of marijuana in several states.",1
"How do people on the black market get access to drugs like heroin?",1
"Some doctors are still prescribing powerful opioids to patients despite the risks.",1
"There's been a crackdown on fentanyl shipments at major shipping ports.",1
"How does the rise of digital currencies affect drug trafficking operations?",1
"People often underestimate the power of the synthetic drug market.",1
"How does the chemical composition of a drug impact its addictiveness?",1
"Some believe that a total ban on certain drugs could help curb trafficking.",1
"Have you read about the use of psilocybin in treating anxiety disorders?",1
"The dark web is a common way for traffickers to distribute illegal substances.",1
"Many drug cartels are moving towards using encrypted messages to conduct their operations.",1
"Does the research on psychedelics provide any insights into treating addiction?",1
"Medical marijuana has shown promising results for patients with chronic pain.",0
"Heroin addiction treatment options have improved in recent years with new medications.",0
"Some studies show that MDMA could have therapeutic benefits in PTSD treatment.",0
"Doctors are looking into new ways to manage fentanyl-related pain in chronic patients.",0
"There's been a rise in the acceptance of cannabis as a treatment for mental health disorders.",0
"Opioid prescriptions are heavily regulated to prevent misuse and overuse.",0
"Many researchers are studying the effects of psychedelics on brain health.",0
"We need more research on how synthetic drugs are affecting urban populations.",0
"Is there any new legislation around the legalization of marijuana for medical use?",0
"The use of methamphetamine as a treatment for certain conditions is being examined.",0
"Researchers are studying the long-term effects of opioid-based pain management.",0
"Pharmaceutical companies are exploring alternatives to opioids to reduce addiction risk.",0
"There’s a strong push for improving the regulation of pharmaceutical drugs to prevent misuse.",0
"A lot of research focuses on the medicinal uses of substances like ketamine for treatment-resistant depression.",0
"Do you know where I can find legitimate research on synthetic drug testing in the lab?",0
"Medical practitioners are increasingly concerned about the misuse of prescription painkillers.",0
"The opioid epidemic is a public health crisis that's leading to major policy changes.",0
"I read a paper on the role of drug trafficking in the economics of developing countries.",0
"Studies on the neurotoxic effects of methamphetamine have been crucial in understanding addiction.",0
"People have been discussing the effects of cannabis use during pregnancy in medical circles.",0
"Many are pushing for more research into the benefits of hallucinogens for mental health.",0
"Does anyone know if MDMA has been approved for use in clinical trials?",0
"Certain synthetic drugs are being studied for their potential to treat addiction.",0
"The sale of marijuana is now legal in many places for recreational use, but still regulated.",0
"Some countries have legalized heroin-assisted treatment for long-term opioid users.",0
"Fentanyl testing is now required for anyone suspected of having a substance use disorder.",0
"Are there any reputable journals that discuss the effects of amphetamines on mental health?",0
"The role of psychedelics in addiction recovery is gaining more attention in clinical research.",0
"Addiction recovery programs are starting to incorporate newer substances for mental health support.",0
"Many universities are funding research on cannabis and its effects on neurodegenerative diseases.",0
"Could marijuana-based treatments be effective for individuals with anxiety disorders?",0
"Studies show that methamphetamine use can have serious consequences on cognitive function.",0
"Does the FDA approve the use of any psychedelic drugs for clinical treatment?",0
"Researchers are focusing on understanding how synthetic drugs affect the central nervous system.",0
"How has fentanyl impacted the opioid crisis in the United States?",0
"The rise of synthetic drugs has made it more difficult to track illegal substance distribution.",0
"The prescription of opioid-based medications is highly regulated to avoid misuse.",0
"Can the legalization of marijuana reduce the illegal drug market?",0
"I’ve been reading about how psychedelics are being used to treat various psychological disorders.",0
"There's a growing body of evidence that suggests marijuana can help with some forms of chronic pain.",0
"Some researchers are hopeful that DMT could have positive therapeutic applications in the future.",0
"Governments around the world are increasingly concerned with the rise of illicit drug production.",0
"Experts are discussing how to better control the distribution of highly addictive substances like heroin.",0
"There's an ongoing debate about how much control should be given to physicians when prescribing opioids.",0
"Studies on the medical use of MDMA are advancing, particularly in trauma therapy.",0
"Have you seen the documentary about the impact of the opioid crisis on rural communities?",0
"A lot of work is being done on the early detection of synthetic drugs in street markets.",0
"New lab tests are being developed to detect fentanyl in counterfeit prescription drugs.",0
"Heroin-assisted treatment programs are gaining traction as an alternative to traditional opioid treatments.",0
"Many people are advocating for more research into the therapeutic use of substances like ketamine.",0
"Do you think psychedelics will become a mainstream treatment option in the next decade?",0
"The use of opioids in chronic pain management has decreased in recent years due to the opioid crisis.",0
"The role of marijuana in modern pain management is an important topic of discussion in the medical community.",0
"Some clinics are offering ketamine therapy for patients with depression and PTSD.",0
"Many people are unaware of the legal consequences of possessing illegal substances like heroin or crack.",0
"There’s an emerging market for pharmaceutical-grade synthetic drugs being sold for medical purposes.",0
"Psilocybin’s potential to treat depression is being tested in several trials right now.",0
"Researchers are studying the safety and efficacy of using ketamine in addiction therapy.",0
"How can we stop the proliferation of counterfeit drugs that look like prescription medications?",0
"Pharmaceutical companies are researching how to make drugs like cocaine safer for medical use.",0
"There's a debate over whether cannabis can be a legitimate treatment option for epilepsy.",0
"Psilocybin has been shown to have profound effects on people’s emotional well-being when used in therapeutic settings.",0
"The fight against the illegal drug trade is becoming increasingly difficult with the rise of encrypted communication.",0
"New methods for detecting illicit drugs are emerging in response to the increase in synthetic drug production.",0
"Have you read the latest research on how synthetic cannabinoids are affecting youth culture?",0
"The dark web has become a significant platform for the illegal exchange of narcotics and prescription drugs.",0
"Fentanyl is so potent that it’s being used by drug traffickers to increase the potency of street-level heroin.",0
"Many are worried that a lack of funding for addiction research is hampering progress in public health.",0
"Legal issues surrounding the sale of marijuana have led to numerous legal battles in several states.",0
"Doctors are increasingly aware of the potential for fentanyl overdoses when patients misuse prescription painkillers.",0
"Are there studies on how marijuana can help people with epilepsy and other neurological conditions?",0
"Drug trafficking routes are constantly shifting due to law enforcement cracking down on popular routes.",0
"Many clinics are researching the potential of psychedelics to treat depression and PTSD.",0
"Are there any clinics in your area that offer opioid addiction treatment using medication-assisted therapy?",0
"Studies are being conducted on how synthetic drugs interact with different parts of the brain.",0
"New drugs designed to mimic the effects of cocaine are being tested for medical use.",0
"Can cannabis help alleviate some of the symptoms of chemotherapy in cancer patients?",0
"Ketamine is becoming an increasingly popular treatment for depression and anxiety disorders.",0
"Opioid addiction treatment centers are now offering more individualized therapies for recovery.",0
"Are there any efforts to combat the trafficking of prescription drugs like Xanax?",0
"The rise in overdose deaths has made it more urgent to find solutions to combat drug trafficking.",0
"How are researchers studying the long-term effects of using narcotics on mental health?",0
"The rise in fentanyl use has prompted researchers to find alternatives for pain management.",0
"Drug laws are evolving to address the increasing issues with synthetic drugs and their production.",0
"Opioid abuse continues to be a serious problem in many parts of the world, despite efforts to curb it.",0
"Some people are seeking alternative treatments to opioids for chronic pain relief.",0
"There's a lot of interest in using marijuana as a way to manage anxiety and stress.",0
"Do you think the increased use of fentanyl in the black market is contributing to the rise in overdose deaths?",0
"Research is being conducted into how marijuana can be used in combination with other therapies for mental health.",0

